Teams,Beers,Stadium,Brewery,Address 
Seattle Mariners,,T-Mobile Park,10 Barrel,"1411 NW Flanders St, Portland, OR 97209"
Seattle Mariners,21st Amendment Watermelon wheat,T-Mobile Park,21st Amendment Brewery,"2010 Williams St, San Leandro, CA 94577"
Cincinnati Reds,21st Amendment Hell or High Watermelon Wheat,Great American Ball Park,21st Amendment Brewery,"2010 Williams St, San Leandro, CA 94577"
St. Louis Cardinals,,Busch Stadium,2nd Shift,"1601 Sublette Ave, St. Louis, MO 63110"
Tampa Bay Rays,,Tropicana Field,3 Daughters,"222 22nd St S, St. Petersburg, FL 33712"
Chicago Cubs,,Fenway Park,3 Floyds,"9750 Indiana Pkwy, Munster, IN 46321"
Chicago White Sox,,Guaranteed Rate Field,3 Floyds,"9750 Indiana Pkwy, Munster, IN 46321"
Washington Nationals,,Nationals Park,3 Stars Brewing,"6400 Chillum Pl NW, Washington, DC 20012"
Chicago White Sox,,Guaranteed Rate Field,350 Brewing,"7144 183rd St, Tinley Park, IL 60477"
St. Louis Cardinals,,Busch Stadium,4 Hands,"1220 S 8th St, St. Louis, MO 63104"
Seattle Mariners,7 Seas Port Royal stout,T-Mobile Park,7 Seas Brewery and Taproom,"2101 Jefferson Ave, Tacoma, WA 98402"
Houston Astros,,Minute Maid Park,8th Wonder,"2202 Dallas St, Houston, TX 77003"
San Diego Padres,,Petco Park,AleSmith Brewing Company,"9990 AleSmith Ct, San Diego, CA 92126"
Toronto Blue Jays,,Rogers Centre,Alexander Keith’s,"1496 Lower Water St, Halifax, NS B3J 3R5, Canada"
Washington Nationals,Allagash Saison Ale,Nationals Park,Allagash Brewing Company,"50 Industrial Way, Portland, ME 04103"
Cincinnati Reds,Kentucky Bourbon Barrel Ale,Great American Ball Park,Alltech's Lexington Brewing and Distilling Co.,"401 Cross St, Lexington, KY 40508"
San Francisco Giants,,Oracle Park,Almanac,"651 W Tower Ave, Alameda, CA 94501"
San Francisco Giants,,Oracle Park,Altamont,"2402 Research Dr, Livermore, CA 94550"
Los Angeles Dodgers,Anchor Brewing Company Anchor Steam Beer,Dodger Stadium,Anchor Brewing Company,"1705 Mariposa St, San Francisco, CA 94107"
San Francisco Giants,Anchor Porter,Oracle Park,Anchor Brewing Company,"1705 Mariposa St, San Francisco, CA 94107"
Baltimore Orioles,Anchor Steam Beer,Oriole Park at Camden Yards,Anchor Brewing Company,"1705 Mariposa St, San Francisco, CA 94107"
Los Angeles Dodgers,,Dodger Stadium,Angel City Brewery,"216 S Alameda St, Los Angeles, CA 90012"
New York Yankees,,Yankee Stadium,Angry Orchard,"2241 Albany Post Rd, Walden, NY 12586"
Detroit Tigers,,Comerica Park,Arbor Brewing Co.,"720 Norris St, Ypsilanti, MI 48198"
Detroit Tigers,,Comerica Park,Arcadia,"701 E Michigan Ave, Kalamazoo, MI 49007"
Los Angeles Angels of Anaheim,Stone Brewing Co. Arrogant Bastard Ale,Angel Stadium,Arrogant Consortia,"1999 Citracado Parkway, Escondido, CA 92029"
Los Angeles Angels of Anaheim,,Angel Stadium,Artifex,"919 Calle Amanecer A, San Clemente, CA 92673"
Washington Nationals,,Nationals Park,Atlas,"2052 West Virginia Ave NE #102, Washington, DC 20002"
Detroit Tigers,,Comerica Park,Atwater,"201 Michigan St NW, Grand Rapids, MI 49503"
Colorado Rockies,Avery India Pale Ale (IPA),Coors Field,Avery Brewing Company,"4910 Nautilus Ct N, Boulder, CO 80301"
Kansas City Royals,,Kauffman Stadium,Avery Brewing Company,"4910 Nautilus Ct N, Boulder, CO 80301"
Baltimore Orioles,The Raven Special Lager,Oriole Park at Camden Yards,RavenBeer,"8901 Yellow Brick Rd suite b, Baltimore, MD 21237"
Seattle Mariners,Bale Breaker Top Cutter IPA,T-Mobile Park,Bale Breaker Brewing Company,"1801 Birchfield Rd, Yakima, WA 98901"
Arizona Diamondbacks,,Chase Field,Ballast Point,"9045 Carroll Way, San Diego, CA 92121"
Los Angeles Dodgers,,Dodger Stadium,Ballast Point,"9045 Carroll Way, San Diego, CA 92121"
San Diego Padres,Ballast Point Brewing Co. Sculpin IPA,Petco Park,Ballast Point,"9045 Carroll Way, San Diego, CA 92121"
Baltimore Orioles,,Oriole Park at Camden Yards,RavenBeer,"8901 Yellow Brick Rd suite b, Baltimore, MD 21237"
Baltimore Orioles,Band of Brewers Third Shift,Oriole Park at Camden Yards,Band of Brewers,
Arizona Diamondbacks,,Chase Field,Barrio Brewing Co.,"800 E 16th St, Tucson, AZ 85719"
Minnesota Twins,Bauhaus Brew Labs Wonderstuff Neü Bohemian Pilsner,Target Field,Bauhaus Brewery,"1315 Tyler St NE, Minneapolis, MN 55413"
San Francisco Giants,,Oracle Park,Beachwood Blendery,"247 Long Beach Boulevard, Long Beach, CA 90802"
Minnesota Twins,,Target Field,Beaver Island,"216 6th Ave S, St Cloud, MN 56301"
Chicago Cubs,,Fenway Park,Begyle,"1800 W Cuyler Ave, Chicago, IL 60613"
St. Louis Cardinals,,Busch Stadium,Bell's Brewery,"355 E Kalamazoo Ave, Kalamazoo, MI 49007"
Detroit Tigers,Bell's Two Hearted Ale,Comerica Park,Bell's Brewery,"355 E Kalamazoo Ave, Kalamazoo, MI 49007"
Cincinnati Reds,Bell's Oberon Pale Wheat Ale,Great American Ball Park,Bell's Brewery,"355 E Kalamazoo Ave, Kalamazoo, MI 49007"
Milwaukee Brewers,Bell's Oberon Ale,Miller Park,Bell's Brewery,"355 E Kalamazoo Ave, Kalamazoo, MI 49007"
Pittsburgh Pirates,Bell's Two Hearted Ale,PNC Park,Bell's Brewery,"355 E Kalamazoo Ave, Kalamazoo, MI 49007"
Cleveland Indians,Bell's Two Hearted Ale,Progressive Field,Bell's Brewery,"355 E Kalamazoo Ave, Kalamazoo, MI 49007"
Minnesota Twins,,Target Field,Bent Paddle,"1832 W Michigan St, Duluth, MN 55806"
Tampa Bay Rays,,Tropicana Field,Big Storm,"12707 49th St N, Clearwater, FL 33762"
Miami Marlins,,Marlins Park,Biscayne Bay Brewery,"8000 NW 25th St #500, Doral, FL 33122"
Seattle Mariners,Black Raven Trickster IPA,T-Mobile Park,Black Raven Brewing Co.,"14679 NE 95th St, Redmond, WA 98052"
New York Mets,,Citi Field,Blue Point Brewing Company,"225 W Main St, Patchogue, NY 11772"
New York Yankees,,Yankee Stadium,Blue Point Brewing Company,"225 W Main St, Patchogue, NY 11772"
Atlanta Braves,Blue Point Toasted Lager,SunTrust Park,Blue Point Brewing Company,"225 W Main St, Patchogue, NY 11772"
Los Angeles Angels of Anaheim,Bootlegger's Brewery Palomino American Pale Ale,Angel Stadium,Bootlegger's Brewery,"696 Randolph Ave ste b, Costa Mesa, CA 92626"
Arizona Diamondbacks,Boston Lager,Chase Field,Boston Beer Company (Samuel Adams),"30 Germania St, Boston, MA 02130"
St. Louis Cardinals,Sam Adams Boston Lager,Busch Stadium,Boston Beer Company (Samuel Adams),"30 Germania St, Boston, MA 02130"
Cincinnati Reds,Sam Adams Summer Ale,Great American Ball Park,Boston Beer Company (Samuel Adams),"30 Germania St, Boston, MA 02130"
Tampa Bay Rays,Samuel Adams Boston Lager,Tropicana Field,Boston Beer Company (Samuel Adams),"30 Germania St, Boston, MA 02130"
Colorado Rockies,,Coors Field,Boulder Beer Company,"2880 Wilderness Pl, Boulder, CO 80301"
Washington Nationals,Boulevard Brewing Co. Dark Truth Stout,Nationals Park,Boulevard Brewing Co.,"2501 Southwest Blvd, Kansas City, MO 64108"
St. Louis Cardinals,Boulevard Brewing Co.,Busch Stadium,Boulevard Brewing Co.,"2501 Southwest Blvd, Kansas City, MO 64108"
Kansas City Royals,Boulevard Unfiltered Wheat,Kauffman Stadium,Boulevard Brewing Co.,"2501 Southwest Blvd, Kansas City, MO 64108"
Kansas City Royals,Boulevard Tank 7 Farmhouse Ale,Kauffman Stadium,Boulevard Brewing Co.,"2501 Southwest Blvd, Kansas City, MO 64108"
Cincinnati Reds,Braxton Brewing Sparky Hoppy Wheat Ale,Great American Ball Park,Braxton Brewing,"27 W 7th St, Covington, KY 41011"
Seattle Mariners,,T-Mobile Park,Breakside,"5821 SE International Way, Milwaukie, OR 97222"
St. Louis Cardinals,,Busch Stadium,Breckenridge Brewery,"2920 Brewery Ln, Littleton, CO 80120"
Arizona Diamondbacks,,Chase Field,Breckenridge Brewery,"2920 Brewery Ln, Littleton, CO 80120"
Kansas City Royals,Breckenridge Agave Wheat,Kauffman Stadium,Breckenridge Brewery,"2920 Brewery Ln, Littleton, CO 80120"
Tampa Bay Rays,,Tropicana Field,Brew Hub,"3900 Frontage Rd S, Lakeland, FL 33815"
Cleveland Indians,,Progressive Field,Brew Kettle,"8377 Pearl Rd, Strongsville, OH 44136"
Philadelphia Phillies,Ommegang Rare Vos,Citizens Bank Park,Brewery Ommegang,"656 Co Hwy 33, Cooperstown, NY 13326"
Detroit Tigers,,Comerica Park,Brewery Vivant,"925 Cherry St SE, Grand Rapids, MI 49506"
Chicago Cubs,,Fenway Park,Broken Bat Brewing Co.,"231 E Buffalo St, Milwaukee, WI 53202"
New York Yankees,,Yankee Stadium,The Bronx Brewery,"856 E 136th St, The Bronx, NY 10454"
Chicago Cubs,,Fenway Park,Brooklyn,"79 N 11th St, Brooklyn, NY 11249"
Kansas City Royals,Duvel,Kauffman Stadium,Brouwerij Duvel Moortgat NV,"Breendonk-Dorp 58, 2870 Puurs, Belgium"
Minnesota Twins,,Target Field,Castle Brewing,"1310 W Washington St, Greenville, MI 48838"
New York Yankees,,Yankee Stadium,Catskill Brewery,"672 Old Rte 17, Livingston Manor, NY 12758"
Milwaukee Brewers,,Miller Park,Central Water Brewing,"351 Allen St, Amherst, WI 54406"
Detroit Tigers,,Comerica Park,Cheboygan,"101 N Main St, Cheboygan, MI 49721"
Los Angeles Angels of Anaheim,,Angel Stadium,Chihuahua Rico,"3107 Newport Blvd, Newport Beach, CA 92663"
Cincinnati Reds,Christian Moerlein Altered Pale Ale,Great American Ball Park,Christian Moerlein Brewing Company,"1621 Moore St, Cincinnati, OH 45202"
Pittsburgh Pirates,,PNC Park,Cigar City Brewing Company,"3924 W Spruce St, Tampa, FL 33607"
Tampa Bay Rays,,Tropicana Field,Cigar City Brewing Company,"3924 W Spruce St, Tampa, FL 33607"
Boston Red Sox,Cisco Brewers Whale's Tale Pale Ale,Fenway Park,Cisco Brewers Inc.,"5 Bartlett Farm Rd, Nantucket, MA 02554"
New York Mets,,Citi Field,LIC Beer Project,"39-28 23rd St, Long Island City, NY 11101"
Miami Marlins,,Marlins Park,Concrete Beach,"325 NW 24th St, Miami, FL 33127"
New York Mets,,Citi Field,Coney Island Brewery,"1904 Surf Ave, Brooklyn, NY 11224"
Tampa Bay Rays,,Tropicana Field,Coppertail Brewing,"2601 E 2nd Ave, Tampa, FL 33605"
Los Angeles Angels of Anaheim,,Angel Stadium,Coronado Brewing,"1205 Knoxville St, San Diego, CA 92110"
Los Angeles Dodgers,,Dodger Stadium,Coronado Brewing,"1205 Knoxville St, San Diego, CA 92110"
San Diego Padres,,Petco Park,Coronado Brewing,"1205 Knoxville St, San Diego, CA 92110"
Tampa Bay Rays,,Tropicana Field,Crooked Thumb,"555 10th Ave S, Safety Harbor, FL 34695"
Chicago Cubs,,Fenway Park,Cruz Banca,"904 W Randolph St, Chicago, IL 60607"
Tampa Bay Rays,,Tropicana Field,Cycle Brewing,"534 Central Ave, St. Petersburg, FL 33701"
Washington Nationals,,Nationals Park,DC Brau,"3178 Bladensburg Rd NE Suite B, Washington, DC 20018"
Texas Rangers,,Globe Life Park in Arlington,Deep Ellum Brewing Company,"2823 St Louis St, Dallas, TX 75226"
Baltimore Orioles,Dempsey's Rick's Red Ale,Oriole Park at Camden Yards,Dempsey's Brewing,"127 N Broadway, Watertown, SD 57201"
Kansas City Royals,,Kauffman Stadium,Deschutes Brewery,"315 Market St SE, Roanoke, VA 24011"
Cincinnati Reds,Deschutes Mirror Pond Pale Ale,Great American Ball Park,Deschutes Brewery,"315 Market St SE, Roanoke, VA 24011"
Washington Nationals,,Nationals Park,Devils Backbone,"50 N Wind Ln, Lexington, VA 24450"
Seattle Mariners,Diamond Knot IPA,T-Mobile Park,Diamond Knot Brewery,"4602 Chennault Beach Rd b2, Mukilteo, WA 98275"
Washington Nationals,Dogfish Head Brewery 60 Minute IPA,Nationals Park,Dogfish Head Craft Brewery,"6 Cannery Village Center, Milton, DE 19968"
Baltimore Orioles,Dogfish Head Namaste,Oriole Park at Camden Yards,Dogfish Head Craft Brewery,"6 Cannery Village Center, Milton, DE 19968"
Baltimore Orioles,Dogfish Head 90 Minute IPA,Oriole Park at Camden Yards,Dogfish Head Craft Brewery,"6 Cannery Village Center, Milton, DE 19968"
Pittsburgh Pirates,Dogfish Head Indian Brown Ale,PNC Park,Dogfish Head Craft Brewery,"6 Cannery Village Center, Milton, DE 19968"
Cleveland Indians,Dogfish Head 60 Minute IPA,Progressive Field,Dogfish Head Craft Brewery,"6 Cannery Village Center, Milton, DE 19968"
Oakland Athletics,Drake's 1500 Pale Ale,RingCentral Coliseum,Drake's Brewing Co.,"1933 Davis St #177, San Leandro, CA 94577"
Seattle Mariners,,T-Mobile Park,Dru Bru Pacific Crest,"10 Pass Life Way #3, Snoqualmie Pass, WA 98068"
Seattle Mariners,,T-Mobile Park,Ecliptic,"825 N Cook St, Portland, OR 97227"
Seattle Mariners,,T-Mobile Park,Elysian Capitol Hill Brewery,"1221 E Pike St, Seattle, WA 98122"
St. Louis Cardinals,,Busch Stadium,Elysian Capitol Hill Brewery,"1221 E Pike St, Seattle, WA 98122"
Houston Astros,,Minute Maid Park,Eureka,"941 W 18th St, Houston, TX 77008"
Baltimore Orioles,Evolution Craft Brewing Lot #3 India Pale Ale,Oriole Park at Camden Yards,Evolution Craft Brewing,"201 E Vine St, Salisbury, MD 21801"
Minnesota Twins,,Target Field,Fair State Brewing Cooperative,"2506 Central Ave NE, Minneapolis, MN 55418"
Cleveland Indians,Fat Head's Head Hunter IPA,Progressive Field,Fat Head's Brewing,"17450 Engle, Lake Abram Dr, Middleburg Heights, OH 44130"
San Francisco Giants,,Oracle Park,Fieldwork Brewing Company,"1160 Sixth Street, Berkeley, CA 94710"
Cincinnati Reds,50 West Wire to Wire Wheat,Great American Ball Park,Fifty West Brewing Company,"7668 Wooster Pike, Cincinnati, OH 45227"
Oakland Athletics,,RingCentral Coliseum,Firestone Walker Brewing Co.,"3993, 1400 Ramada Dr, Paso Robles, CA 93446"
Los Angeles Dodgers,Stone Brewing Co. Stone IPA,Dodger Stadium,Firestone Walker Brewing Co.,"3993, 1400 Ramada Dr, Paso Robles, CA 93446"
New York Mets,,Citi Field,Five Boroughs,"215 47th St, Brooklyn, NY 11220"
Washington Nationals,Flying Dog Brewery Gonzo Imperial Porter,Nationals Park,Flying Dog Brewery,"4607 Wedgewood Blvd, Frederick, MD 21703"
Baltimore Orioles,Flying Dog Snake Dog IPA,Oriole Park at Camden Yards,Flying Dog Brewery,"4607 Wedgewood Blvd, Frederick, MD 21703"
Baltimore Orioles,Old Dominion Oak Barrel Stout,Oriole Park at Camden Yards,Fordham & Dominion Brewing Company,"1284 McD Dr, Dover, DE 19901"
Baltimore Orioles,Fordham Copperhead Ale,Oriole Park at Camden Yards,Fordham & Dominion Brewing Company,"1284 McD Dr, Dover, DE 19901"
New York Mets,,Citi Field,Founders Brewing Company,"235 Grandville Ave SW, Grand Rapids, MI 49503"
St. Louis Cardinals,,Busch Stadium,Founders Brewing Company,"235 Grandville Ave SW, Grand Rapids, MI 49503"
Kansas City Royals,Founders All-Day IPA,Kauffman Stadium,Founders Brewing Company,"235 Grandville Ave SW, Grand Rapids, MI 49503"
Detroit Tigers,Founders Porter,Comerica Park,Founders Brewing Company,"235 Grandville Ave SW, Grand Rapids, MI 49503"
Cincinnati Reds,Founders All Day IPA,Great American Ball Park,Founders Brewing Company,"235 Grandville Ave SW, Grand Rapids, MI 49503"
Texas Rangers,Founders All Day IPA,Globe Life Park in Arlington,Founders Brewing Company,"235 Grandville Ave SW, Grand Rapids, MI 49503"
Arizona Diamondbacks,,Chase Field,Four Peaks Brewing Company,"1340 E 8th St #104, Tempe, AZ 85281"
Texas Rangers,,Globe Life Park in Arlington,Four Peaks Brewing Company,"1340 E 8th St #104, Tempe, AZ 85281"
Milwaukee Brewers,,Miller Park,Fox River Brewery,"4301 W Wisconsin Ave, Appleton, WI 54913"
Texas Rangers,Franconia Lager,Globe Life Park in Arlington,Franconia Brewing Company,"495 McKinney Pkwy, McKinney, TX 75071"
Seattle Mariners,Fremont Interurban IPA,T-Mobile Park,Fremont Brewing Company,"1050 N 34th St, Seattle, WA 98103"
Seattle Mariners,Full Sail Amber,T-Mobile Park,Full Sail Brewing Company,"506 Columbia St, Hood River, OR 97031"
Baltimore Orioles,Full Sail Session Black Lager,Oriole Park at Camden Yards,Full Sail Brewing Company,"506 Columbia St, Hood River, OR 97031"
Minnesota Twins,Fulton Lonely Blonde,Target Field,Fulton Brewing Taproom,"414 N 6th Ave, Minneapolis, MN 55401"
Los Angeles Dodgers,,Dodger Stadium,Garage Brewing,"29095 Old Town Front St, Temecula, CA 92590"
Chicago Cubs,,Fenway Park,Golden Road Brewing,"2210 E Orangewood Ave, Anaheim, CA 92806"
Los Angeles Angels of Anaheim,,Angel Stadium,Golden Road Brewing,"2210 E Orangewood Ave, Anaheim, CA 92806"
Washington Nationals,,Nationals Park,Golden Road Brewing,"2210 E Orangewood Ave, Anaheim, CA 92806"
Los Angeles Dodgers,,Dodger Stadium,Golden Road Brewing,"2210 E Orangewood Ave, Anaheim, CA 92806"
Arizona Diamondbacks,,Chase Field,Golden Road Brewing,"2210 E Orangewood Ave, Anaheim, CA 92806"
Arizona Diamondbacks,Goose Island Beer Co. Honker's Ale,Chase Field,Goose Island Beer Co.,"1800 W Fulton St, Chicago, IL 60612"
Atlanta Braves,Goose Island Brewing Co. IPA,SunTrust Park,Goose Island Beer Co.,"1800 W Fulton St, Chicago, IL 60612"
Boston Red Sox,Goose Island Beer Co. Honker's Ale,Fenway Park,Goose Island Beer Co.,"1800 W Fulton St, Chicago, IL 60612"
Chicago Cubs,Goose Island Beer Co. Sofie,Wrigley Field,Goose Island Beer Co.,"1800 W Fulton St, Chicago, IL 60612"
Chicago White Sox,,Guaranteed Rate Field,Goose Island Beer Co.,"1800 W Fulton St, Chicago, IL 60612"
Houston Astros,Goose Island Beer Co. 312 Urban Wheat,Minute Maid Park,Goose Island Beer Co.,"1800 W Fulton St, Chicago, IL 60612"
Los Angeles Angels of Anaheim,Goose Island Beer Co. India Pale Ale,Angel Stadium,Goose Island Beer Co.,"1800 W Fulton St, Chicago, IL 60612"
Miami Marlins,Goose Island Beer Co. Sofie,Marlins Park,Goose Island Beer Co.,"1800 W Fulton St, Chicago, IL 60612"
Miami Marlins,Goose Island Beer Co. Matilda,Marlins Park,Goose Island Beer Co.,"1800 W Fulton St, Chicago, IL 60612"
New York Mets,,Citi Field,Goose Island Beer Co.,"1800 W Fulton St, Chicago, IL 60612"
New York Yankees,Goose Island Beer Co. Honker's Ale ,Yankee Stadium,Goose Island Beer Co.,"1800 W Fulton St, Chicago, IL 60612"
New York Yankees,Goose Island Beer Co. 312 Urban Wheat,Yankee Stadium,Goose Island Beer Co.,"1800 W Fulton St, Chicago, IL 60612"
St. Louis Cardinals,Goose Island IPA ,Busch Stadium,Goose Island Beer Co.,"1800 W Fulton St, Chicago, IL 60612"
St. Louis Cardinals,Goose Island Honkers ,Busch Stadium,Goose Island Beer Co.,"1800 W Fulton St, Chicago, IL 60612"
Baltimore Orioles,Goose Island Honkers Ale,Oriole Park at Camden Yards,Goose Island Beer Co.,"1800 W Fulton St, Chicago, IL 60612"
Baltimore Orioles,Goose Island Sofie,Oriole Park at Camden Yards,Goose Island Beer Co.,"1800 W Fulton St, Chicago, IL 60612"
Minnesota Twins,,Target Field,Goose Island Beer Co.,"1800 W Fulton St, Chicago, IL 60612"
Cincinnati Reds,Goose Island Urban 312 Pale Ale,Great American Ball Park,Goose Island Beer Co.,"1800 W Fulton St, Chicago, IL 60612"
Texas Rangers,,Globe Life Park in Arlington,Goose Island Beer Co.,"1800 W Fulton St, Chicago, IL 60612"
Toronto Blue Jays,,Rogers Centre,Goose Island Beer Co.,"1800 W Fulton St, Chicago, IL 60612"
Minnesota Twins,Grainbelt Nordeast,Target Field,Grainbelt Brewing,"1220 Marshall St NE, Minneapolis, MN 55413"
Detroit Tigers,,Comerica Park,Grand Armory,"17 S 2nd St, Grand Haven, MI 49417"
Arizona Diamondbacks,,Chase Field,Grand Canyon Brewing Co.,"301 N 7th St, Williams, AZ 86046"
Colorado Rockies,Great Divide Brewing Co. Titan IPA,Coors Field,Great Divide Brewing Co.,"2201 Arapahoe St, Denver, CO 80205"
Cleveland Indians,Great Lakes Dortmunder Gold,Progressive Field,Great Lakes Brewing Co.,"2516 Market Ave, Cleveland, OH 44113"
Tampa Bay Rays,,Tropicana Field,Green Bench Brewing Co.,"1133 Baum Ave N, St. Petersburg, FL 33705"
San Diego Padres,Green Flash West Coast I.P.A.,Petco Park,Green Flash Brewing,"6550 Mira Mesa Blvd, San Diego, CA 92121"
Chicago Cubs,,Fenway Park,Half Acre Beer Company,"4257 N Lincoln Ave, Chicago, IL 60618"
Chicago White Sox,,Guaranteed Rate Field,Half Acre Beer Company,"4257 N Lincoln Ave, Chicago, IL 60618"
Los Angeles Angels of Anaheim,Hangar 24 Brewery Betty,Angel Stadium,Hangar 24 Brewing,"1710 Sessums Dr, Redlands, CA 92374"
Kansas City Royals,,Kauffman Stadium,Harpoon Brewery & Beer Hall,"306 Northern Ave, Boston, MA 02210"
Boston Red Sox,Harpoon Octoberfest Beer,Fenway Park,Harpoon Brewery & Beer Hall,"306 Northern Ave, Boston, MA 02210"
Baltimore Orioles,Heavy Seas Loose Canno,Oriole Park at Camden Yards,Heavy Seas Beer,"4615 Hollins Ferry Rd, Halethorpe, MD 21227"
San Francisco Giants,,Oracle Park,HenHouse Brewing Company,"322 Bellevue Ave, Santa Rosa, CA 95407"
Toronto Blue Jays,,Rogers Centre,ockley Valley Brewing Co,"25 Centennial Rd #10, Orangeville, ON L9W 1R1, Canada"
Toronto Blue Jays,,Rogers Centre,Hoegaarden brewery,"Altenaken 1-3, 3320 Hoegaarden, Belgium"
Milwaukee Brewers,,Miller Park,Hofbrau,
Arizona Diamondbacks,,Chase Field,Hop Valley,"990 W 1st Ave, Eugene, OR 97402"
Cincinnati Reds,,Great American Ball Park,Hudy,
Minnesota Twins,Indeed Dandy Lager,Target Field,Indeed Brewing Company,"711 NE 15th Ave, Minneapolis, MN 55413"
New York Mets,,Citi Field,Interboro,"942 Grand St, Brooklyn, NY 11211"
Seattle Mariners,Iron Horse Brewing Irish Death,T-Mobile Park,Iron Horse Brewing,"412 N Main St, Ellensburg, WA 98926"
St. Louis Cardinals,Leinenkugel,Busch Stadium,Jacob Leinenkugel Brewing Company,"124 E Elm St, Chippewa Falls, WI 54729"
Baltimore Orioles,Leinenkugel Summer Shandy,Oriole Park at Camden Yards,Jacob Leinenkugel Brewing Company,"124 E Elm St, Chippewa Falls, WI 54729"
Cincinnati Reds,Leinenkugel's Summer Shandy,Great American Ball Park,Jacob Leinenkugel Brewing Company,"124 E Elm St, Chippewa Falls, WI 54729"
Tampa Bay Rays,Leinenkugel's Summer Shandy,Tropicana Field,Jacob Leinenkugel Brewing Company,"124 E Elm St, Chippewa Falls, WI 54729"
Baltimore Orioles,,Oriole Park at Camden Yards,Jailbreak Brewing Company,"9445 Washington Boulevard North F, Laurel, MD 20723"
Kansas City Royals,,Kauffman Stadium,Kansas City Bier Company,"310 W 79th St, Kansas City, MO 64114"
Houston Astros,,Minute Maid Park,Karbach Brewing Co.,"2032 Karbach St, Houston, TX 77092"
Texas Rangers,,Globe Life Park in Arlington,Karbach Brewing Co.,"2032 Karbach St, Houston, TX 77092"
Los Angeles Angels of Anaheim,,Angel Stadium,Karl Strauss Brewing Company,"9675 Scranton Rd, San Diego, CA 92121"
San Diego Padres,,Petco Park,Karl Strauss Brewing Company,"9675 Scranton Rd, San Diego, CA 92121"
Detroit Tigers,,Comerica Park,Keweenaw Brewing,"408 Shelden Ave, Houghton, MI 49931"
Baltimore Orioles,,Oriole Park at Camden Yards,Key Brewing,"2500 Grays Rd, Dundalk, MD 21222"
Texas Rangers,,Globe Life Park in Arlington,Kona Brewing Co.,"74-5612 Pawai Pl, Kailua, HI 96740"
Toronto Blue Jays,Labatt Canadian Ale/Labatt 50,Rogers Centre,Labatt Brewery,"150 Simcoe St, London, ON N6A 4M3, Canada"
Los Angeles Dodgers,,Dodger Stadium,Lagunitas Brewing Company,"2607 W 17th St, Chicago, IL 60608"
Oakland Athletics,,RingCentral Coliseum,Lagunitas Brewing Company,"2607 W 17th St, Chicago, IL 60608"
Chicago White Sox,Lagunitas Brewing Company DayTime,Guaranteed Rate Field,Lagunitas Brewing Company,"2607 W 17th St, Chicago, IL 60608"
San Francisco Giants,Lagunitas IPA,Oracle Park,Lagunitas Brewing Company,"2607 W 17th St, Chicago, IL 60608"
Baltimore Orioles,Lagunitas Pils,Oriole Park at Camden Yards,Lagunitas Brewing Company,"2607 W 17th St, Chicago, IL 60608"
Pittsburgh Pirates,Lagunitas A Little Sumpin' Sumpin' Ale,PNC Park,Lagunitas Brewing Company,"2607 W 17th St, Chicago, IL 60608"
Milwaukee Brewers,,Miller Park,Lakefront Brewery,"1872 N Commerce St, Milwaukee, WI 53212"
Baltimore Orioles,Lancaster Strawberry Wheat,Oriole Park at Camden Yards,Lancaster Brewing Company,"469 Eisenhower Blvd, Harrisburg, PA 17111"
San Francisco Giants,,Oracle Park,Laughing Monk Brewing,"1439 Egbert Ave unit a/b, San Francisco, CA 94124"
Los Angeles Angels of Anaheim,,Angel Stadium,Left Coast Brewing Co.,"1245 Puerta Del Sol, San Clemente, CA 92673"
Colorado Rockies,,Coors Field,Left Hand Brewing,"1265 Boston Ave, Longmont, CO 80501"
Texas Rangers,,Globe Life Park in Arlington,Legal Draft Beer Co.,"500 E Division St, Arlington, TX 76011"
Milwaukee Brewers,,Miller Park,Jacob Leinenkugel Brewing Company,"124 E Elm St, Chippewa Falls, WI 54729"
New York Mets,,Citi Field,LIC Beer Project,"39-28 23rd St, Long Island City, NY 11101"
Minnesota Twins,Lift Bridge Hop Dish,Target Field,Lift Bridge Brewery,"1900 Tower Dr W, Stillwater, MN 55082"
Cincinnati Reds,Listermann Leopold Belgium Blonde,Great American Ball Park,Listermann Brewing Company,"1621 Dana Ave, Cincinnati, OH 45207"
Miami Marlins,,Marlins Park,Litehaus Pilsner,
San Francisco Giants,,Oracle Park,Local Brewing,"69 Bluxome St, San Francisco, CA 94107"
Seattle Mariners,,T-Mobile Park,Mac & Jack's Brewery,"17825 NE 65th St, Redmond, WA 98052"
Cincinnati Reds,Mad Tree PsycHOPathy IPA,Great American Ball Park,MadTree Brewing,"3301 Madison Rd, Cincinnati, OH 45209"
Baltimore Orioles,,Oriole Park at Camden Yards,Manor Hill Brewing,"4411 Manor Ln, Ellicott City, MD 21042"
Seattle Mariners,,T-Mobile Park,Maritime Pacific Brewing Company,"1111 NW Ballard Way, Seattle, WA 98107"
Cleveland Indians,,Progressive Field,Market Garden Brewery,"3418, 1947 W 25th St, Cleveland, OH 44113"
Kansas City Royals,Martin City Abbey,Kauffman Stadium,Martin City Brewing Company,"500 E 135th St, Kansas City, MO 64145"
San Diego Padres,,Petco Park,Mermaid Brewing,
San Diego Padres,,Petco Park,Mike Hess Brewing,"3812 Grim Ave, San Diego, CA 92104"
New York Mets,,Citi Field,Mikkeller Brewing ,"9366 Cabot Dr, San Diego, CA 92126"
Toronto Blue Jays,,Rogers Centre,Mill Street Brewery,"125 Bermondsey Rd, North York, ON M4A 1X3, Canada"
Milwaukee Brewers,Milwaukee Brewing Company O-Gii,Miller Park,Milwaukee Brewing Company,"613 S 2nd St, Milwaukee, WI 53204"
Los Angeles Angels of Anaheim,,Angel Stadium,Modern Times,"3725 Greenwood St, San Diego, CA 92110"
Minnesota Twins,,Target Field,Modist Brewing Co.,"505 N 3rd St, Minneapolis, MN 55401"
Cincinnati Reds,,Great American Ball Park,Christian Moerlein Brewing Co.,"1621 Moore St, Cincinnati, OH 45202"
New York Mets,,Citi Field,Montauk Brewing,"62 S Erie Ave, Montauk, NY 11954"
Baltimore Orioles,,Oriole Park at Camden Yards,Monument City Brewing Co.,"1 N Haven St, Baltimore, MD 21224"
San Francisco Giants,,Oracle Park,Moonraker Brewing Co.,"12970 Earhart Ave #100, Auburn, CA 95602"
St. Louis Cardinals,,Busch Stadium,Mother's Brewing Company,"215 S Grant Ave, Springfield, MO 65806"
Kansas City Royals,Mothers Three Blind Mice,Kauffman Stadium,Mother's Brewing Company,"215 S Grant Ave, Springfield, MO 65806"
Detroit Tigers,,Comerica Park,Motor City Brewing Works,"470 W Canfield St, Detroit, MI 48201"
Cincinnati Reds,Mt. Carmel Nut Brown Ale,Great American Ball Park,Mt. Carmel Brewing Company,"4362 Mt Carmel Tobasco Rd, Cincinnati, OH 45244"
Cincinnati Reds,,Great American Ball Park,Taft's Ale House,"1429 Race St, Cincinnati, OH 45202"
Arizona Diamondbacks,,Chase Field,New Belgium Brewing,"500 Linden St, Fort Collins, CO 80524"
Los Angeles Angels of Anaheim,New Belgium Brewing Ranger,Angel Stadium,New Belgium Brewing,"500 Linden St, Fort Collins, CO 80524"
St. Louis Cardinals,Ranger IPA,Busch Stadium,New Belgium Brewing,"500 Linden St, Fort Collins, CO 80524"
Baltimore Orioles,New Belgium Fat Tire,Oriole Park at Camden Yards,New Belgium Brewing,"500 Linden St, Fort Collins, CO 80524"
Cincinnati Reds,New Belgium Fat Tire Amber Ale,Great American Ball Park,New Belgium Brewing,"500 Linden St, Fort Collins, CO 80524"
Milwaukee Brewers,New Belgium Brewing Ranger,Miller Park,New Belgium Brewing,"500 Linden St, Fort Collins, CO 80524"
Tampa Bay Rays,New Belgium Fat Tire Amber Ale,Tropicana Field,New Belgium Brewing,"500 Linden St, Fort Collins, CO 80524"
Milwaukee Brewers,,Miller Park,New Glarus Brewing,"2400 WI-69, New Glarus, WI 53574"
Seattle Mariners,Ninkasi Vanilla Oatis Stout,T-Mobile Park,Ninkasi Brewing,"272 Van Buren St, Eugene, OR 97402"
Seattle Mariners,,T-Mobile Park,No-Li Brewhouse,"1003 E Trent Ave #170, Spokane, WA 99202"
Chicago White Sox,,Guaranteed Rate Field,Noon Whistle Brewing,"800 Roosevelt Rd c, Lombard, IL 60148"
Pittsburgh Pirates,,PNC Park,North Country Brewing Co,"141 S Main St, Slippery Rock, PA 16057"
Minnesota Twins,North Lake Brewing Company Honey Brown Lager,Target Field,North Lake Brewing Company,
Seattle Mariners,Northwest Brewing Joker Amber Ale,T-Mobile Park,NW Peaks Brewery,"4818 17th Ave NW, Seattle, WA 98107"
Texas Rangers,,Globe Life Park in Arlington,Legal Draft Beer Co.,"500 E Division St, Arlington, TX 76011"
Colorado Rockies,Odell 90 Shilling Ale,Coors Field,Odell Brewing Company,"800 E Lincoln Ave, Fort Collins, CO 80524"
Texas Rangers,Odell 90 Shilling Ale,Globe Life Park in Arlington,Odell Brewing Company,"800 E Lincoln Ave, Fort Collins, CO 80524"
St. Louis Cardinals,O'Fallon Wheach,Busch Stadium,O'Fallon Brewery,"45 Progress Pkwy, Maryland Heights, MO 63043"
Detroit Tigers,,Comerica Park,Old Nation Brewery,"1500 E Grand River Ave, Williamston, MI 48895"
Baltimore Orioles,,Oriole Park at Camden Yards,Oliver Brewing Co.,"4216 Shannon Dr, Baltimore, MD 21213"
Milwaukee Brewers,,Miller Park,One Barrel Brewing,"2001 Atwood Ave, Madison, WI 53704"
Baltimore Orioles,Oscar Blues Dale's Pale Ale,Oriole Park at Camden Yards,Oskar Blues Brewery,"342 Mountain Industrial Dr, Brevard, NC 28712"
Colorado Rockies,Oskar Blues Dale's Pale Ale,Coors Field,Oskar Blues Brewery,"342 Mountain Industrial Dr, Brevard, NC 28712"
Texas Rangers,Oskar Blues Dale's Pale Ale,Globe Life Park in Arlington,Oskar Blues Brewery,"342 Mountain Industrial Dr, Brevard, NC 28712"
New York Mets,,Citi Field,Oyster Bay Brewing Company,"36 Audrey Ave, Oyster Bay, NY 11771"
Seattle Mariners,Pike 5X Stout,T-Mobile Park,Pike Brewing Company,"1415 1st Ave, Seattle, WA 98101"
San Francisco Giants,,Oracle Park,Plow Brewing Company,"3334 Industrial Dr, Santa Rosa, CA 95403"
Washington Nationals,,Nationals Park,Port City Brewing,"3950 Wheeler Ave, Alexandria, VA 22304"
New York Mets,,Citi Field,Queens Brewery,"1539 Covert St, Ridgewood, NY 11385"
Texas Rangers,,Globe Life Park in Arlington,Rahr & Sons Brewing,"701 Galveston Ave, Fort Worth, TX 76104"
Milwaukee Brewers,,Miller Park,Raised Grain Brewing Co.,"1725 Dolphin Dr Ste B, Waukesha, WI 53186"
Texas Rangers,,Globe Life Park in Arlington,Real Ale Brewing Company,"231 San Saba Ct, Blanco, TX 78606"
Detroit Tigers,,Comerica Park,Red Jacket Brewing Co.,"300 6th St, Calumet, MI 49913"
San Diego Padres,,Petco Park,Karl Strauss Brewing Company,"9675 Scranton Rd, San Diego, CA 92121"
Seattle Mariners,,T-Mobile Park,Reuben's Brews,"5010 14th Ave NW, Seattle, WA 98107"
Chicago Cubs,,Fenway Park,Revolution Brewing,"2323 N Milwaukee Ave, Chicago, IL 60647"
Chicago White Sox,Revolution Brewing Company Anti-Hero,Guaranteed Rate Field,Revolution Brewing,"2323 N Milwaukee Ave, Chicago, IL 60647"
Chicago White Sox,,Guaranteed Rate Field,Revolution Brewing,"2323 N Milwaukee Ave, Chicago, IL 60647"
Cincinnati Reds,Rhinegeist Truth American IPA,Great American Ball Park,Rhinegeist Brewery,"1910 Elm St, Cincinnati, OH 45202"
Cleveland Indians,,Progressive Field,Rhinegeist Brewery,"1910 Elm St, Cincinnati, OH 45202"
Kansas City Royals,River North White,Kauffman Stadium,River North Brewery,"6021 Washington St a, Denver, CO 80216"
Cincinnati Reds,Rivertown Blueberry Lager,Great American Ball Park,Rivertown Brewery & Barrel House,"6550 Hamilton Lebanon Rd, Middletown, OH 45044"
Chicago White Sox,Rogue Ales Dead Guy Ale,Guaranteed Rate Field,Rogue Brewing,"2320 SE Marine Science Dr, Newport, OR 97365"
Seattle Mariners,Rogue Hazlenut Brown Ale,T-Mobile Park,Rogue Brewing,"2320 SE Marine Science Dr, Newport, OR 97365"
San Francisco Giants,,Oracle Park,Russian River Brewing Company,"725 4th St, Santa Rosa, CA 95404"
Pittsburgh Pirates,,PNC Park,Rusty Rail Brewing Company,"5 N 8th St #1, Mifflinburg, PA 17844"
Arizona Diamondbacks,,Chase Field,Saint Archer Brewing Co.,"9550 Distribution Ave, San Diego, CA 92121"
Los Angeles Angels of Anaheim,,Angel Stadium,Saint Archer Brewing Co.,"9550 Distribution Ave, San Diego, CA 92121"
Texas Rangers,,Globe Life Park in Arlington,Saint Arnold Brewing Company,"2000 Lyons Ave, Houston, TX 77020"
Houston Astros,Saint Arnold Elissa IPA,Minute Maid Park,Saint Arnold Brewing Company,"2000 Lyons Ave, Houston, TX 77020"
Tampa Bay Rays,,Tropicana Field,Saint Pete Brewing,"544 1st Ave N, St. Petersburg, FL 33701"
Boston Red Sox,,Fenway Park,Boston Beer Company (Samuel Adams),"30 Germania St, Boston, MA 02130"
New York Yankees,,Yankee Stadium,Boston Beer Company (Samuel Adams),"30 Germania St, Boston, MA 02130"
Arizona Diamondbacks,,Chase Field,SanTan Brewing Company,"8 S San Marcos Pl, Chandler, AZ 85225"
Colorado Rockies,,Coors Field,Sandlot Brewery,"Blake St, Denver, CO 80205"
Los Angeles Angels of Anaheim,,Angel Stadium,Santa Monica Brew Works,"1920 Colorado Ave C, Santa Monica, CA 90404"
Los Angeles Dodgers,,Dodger Stadium,Santa Monica Brew Works,"1920 Colorado Ave C, Santa Monica, CA 90404"
Kansas City Royals,Sante Fe Java Stout,Kauffman Stadium,Sante Fe Brewing,"35 Fire Pl, Santa Fe, NM 87508"
Seattle Mariners,Stone Brewing Company IPA,T-Mobile Park,Saucony Creek Brewing Company + Gastropub,"15032 Kutztown Rd, Kutztown, PA 19530"
Kansas City Royals,,Kauffman Stadium,Schlafly Bottleworks,"7260 Southwest Ave, Maplewood, MO 63143"
Seattle Mariners,Schooner Exact King Street Brown,T-Mobile Park,Schooner Exact Brewing Company,"3901 1st Ave S, Seattle, WA 98134"
Houston Astros,,Minute Maid Park,Shiner Brewery,"603 E Brewery St, Shiner, TX 77984"
Chicago White Sox,Sierra Nevada Pale Ale,Guaranteed Rate Field,Sierra Nevada Brewing Co.,"1075 E 20th St, Chico, CA 95928"
San Francisco Giants,Sierra Nevada Pale Ale,Oracle Park,Sierra Nevada Brewing Co.,"1075 E 20th St, Chico, CA 95928"
Washington Nationals,Sierra Nevada Pale Ale,Nationals Park,Sierra Nevada Brewing Co.,"1075 E 20th St, Chico, CA 95928"
Oakland Athletics,Sierra Nevada Pale Ale,RingCentral Coliseum,Sierra Nevada Brewing Co.,"1075 E 20th St, Chico, CA 95928"
Texas Rangers,Sierra Nevada Pale Ale,Globe Life Park in Arlington,Sierra Nevada Brewing Co.,"1075 E 20th St, Chico, CA 95928"
Milwaukee Brewers,Sierra Nevada Torpedo Extra IPA,Miller Park,Sierra Nevada Brewing Co.,"1075 E 20th St, Chico, CA 95928"
Milwaukee Brewers,Sierra Nevada Pale Ale,Miller Park,Sierra Nevada Brewing Co.,"1075 E 20th St, Chico, CA 95928"
New York Mets,Sixpoint Brewery Bengali Tiger,Citi Field,Sixpoint Brewery,"40 Van Dyke St, Brooklyn, NY 11231"
Toronto Blue Jays,,Rogers Centre,Sleeman Brewery,"551 Clair Rd W, Guelph, ON N1L 1E9, Canada"
Philadelphia Phillies,Sly Fox Brewing Company Pikeland Pils,Citizens Bank Park,Sly Fox Brewing Company,"331 Circle of Progress Dr, Pottstown, PA 19464"
Boston Red Sox,"Smuttynose IPA ""Finest Kind""",Fenway Park,Smuttynose Brewing Company,"105 Towle Farm Rd, Hampton, NH 03842"
Kansas City Royals,,Kauffman Stadium,Sol Chelada,
Pittsburgh Pirates,,PNC Park,Southern Tier Brewing Company,"316 N Shore Dr, Pittsburgh, PA 15212"
New York Mets,Southern Tier Brewing Company IPA,Citi Field,Southern Tier Brewing Company,"316 N Shore Dr, Pittsburgh, PA 15212"
Baltimore Orioles,Southern Tier 422 Wheat Ale,Oriole Park at Camden Yards,Southern Tier Brewing Company,"316 N Shore Dr, Pittsburgh, PA 15212"
New York Mets,Spaten-Franziskaner-Bräu Franziskaner Hefe-Weisse,Citi Field,Spaten-Franziskaner-Bräu,"Marsstraße 46-48, 80335 München, Germany"
Seattle Mariners,Spire Dark & Dry; Dry cider,T-Mobile Park,Spire Mountain Ciders,"515 Jefferson St SE, Olympia, WA 98501"
Milwaukee Brewers,,Miller Park,New Glarus Brewing Company,"2400 WI-69, New Glarus, WI 53574"
Milwaukee Brewers,,Miller Park,Sprecher Brewery,"701 W Glendale Ave, Milwaukee, WI 53209"
Baltimore Orioles,Starr Hill the Love,Oriole Park at Camden Yards,Starr Hill Brewery,"5391 Three Notch'd Rd, Crozet, VA 22932"
Toronto Blue Jays,Stella Artois,Rogers Centre,Stella Artois,"Aarschotsesteenweg 20, 3000 Leuven, Belgium"
Los Angeles Dodgers,Stone Brewing Co. Smoked Porter,Dodger Stadium,Stone Brewing Company,"2816 Historic Decatur Rd, San Diego, CA 92106"
Baltimore Orioles,Stone Sublimely Self-Righteous Ale,Oriole Park at Camden Yards,Stone Brewing Company,"2816 Historic Decatur Rd, San Diego, CA 92106"
Arizona Diamondbacks,,Chase Field,Stone Brewing Company,"2816 Historic Decatur Rd, San Diego, CA 92106"
San Diego Padres,Stone Brewing Co. Ruination IPA,Petco Park,Stone Brewing Company,"2816 Historic Decatur Rd, San Diego, CA 92106"
Oakland Athletics,Strike Brewing Co. Wit,RingCentral Coliseum,Strike Brewing Co.,"2099 S 10th St #30, San Jose, CA 95112"
Seattle Mariners,,T-Mobile Park,Sumerian Brewing Company,"15510 Redmond-Woodinville Rd NE E110, Woodinville, WA 98072"
Minnesota Twins,Summit Saga,Target Field,Summit Brewing Company,"910 Montreal Cir, St Paul, MN 55102"
Minnesota Twins,Surly Furious,Target Field,Surly Brewing Company,"520 Malcolm Ave SE, Minneapolis, MN 55414"
Atlanta Braves,Sweetwater IPA,SunTrust Park,SweetWater Brewing Company,"195 Ottley Dr NE, Atlanta, GA 30324"
Miami Marlins,Sweetwater Brewing Co. IPA,Marlins Park,SweetWater Brewing Company,"195 Ottley Dr NE, Atlanta, GA 30324"
Cincinnati Reds,SweetWater 420 Extra Pale Ale,Great American Ball Park,SweetWater Brewing Company,"195 Ottley Dr NE, Atlanta, GA 30324"
Cincinnati Reds,,Great American Ball Park,Taft's Ale House,"1429 Race St, Cincinnati, OH 45202"
Tampa Bay Rays,,Tropicana Field,Tampa Bay Brewing,"1600 E 8th Ave, Tampa, FL 33605"
San Francisco Giants,,Oracle Park,Temescal Brewing,"4115 Telegraph Ave, Oakland, CA 94609"
Milwaukee Brewers,,Miller Park,Terrapin Beer Co.,"265 Newton Bridge Rd, Athens, GA 30607"
Atlanta Braves,Terrapin Hopsecutioner,SunTrust Park,Terrapin Beer Co.,"265 Newton Bridge Rd, Athens, GA 30607"
Cleveland Indians,The Brew Kettle White Rajah,Progressive Field,The Brew Kettle Brewery,"8377 Pearl Rd, Strongsville, OH 44136"
Baltimore Orioles,,Oriole Park at Camden Yards,The Brewer's Art,"1106 N Charles St, Baltimore, MD 21201"
San Francisco Giants,,Oracle Park,The Bruery,"717 Dunn Way, Placentia, CA 92870"
Arizona Diamondbacks,Phoenix Ale Brewery Camelback IPA,Chase Field,The Phoenix Ale Brewery,"3002 E Washington St, Phoenix, AZ 85034"
St. Louis Cardinals,Schlafly Pale Ale,Busch Stadium,The Schlafly Tap Room,"2100 Locust St, St. Louis, MO 63103"
Milwaukee Brewers,,Miller Park,Third Space Brewing,"1505 W St Paul Ave, Milwaukee, WI 53233"
Minnesota Twins,Third Street Lost Trout,Target Field,Third Street Brewhouse,"219 Red River Ave N, Cold Spring, MN 56320"
Milwaukee Brewers,,Miller Park,Tierra Buena,
Milwaukee Brewers,,Miller Park,Titletown Brewing Company,"200 Dousman St, Green Bay, WI 54303"
San Diego Padres,,Petco Park,AleSmith Brewing Company,"9990 AleSmith Ct, San Diego, CA 92126"
Los Angeles Angels of Anaheim,,Angel Stadium,Towne Park Brewery & Taproom,"1566 W Lincoln Ave, Anaheim, CA 92801"
Pittsburgh Pirates,,PNC Park,Troegs Independent Brewing,
Philadelphia Phillies,,Citizens Bank Park,Troegs Independent Brewing,"200 Hersheypark Dr, Hershey, PA 17033"
San Francisco Giants,Trumer Pils,Oracle Park,Trumer Brauerei Berkeley,"1404 Fourth St, Berkeley, CA 94710"
Oakland Athletics,Trumer Pil,RingCentral Coliseum,Trumer Brauerei Berkeley,"1404 Fourth St, Berkeley, CA 94710"
Seattle Mariners,Two Beers EVO IPA,T-Mobile Park,Two Beers Brewing Co.,"4700 Ohio Ave S, Seattle, WA 98134"
Chicago White Sox,,Guaranteed Rate Field,Two Brothers Tap House and Brewery,"4321 N Scottsdale Rd, Scottsdale, AZ 85251"
Baltimore Orioles,,Oriole Park at Camden Yards,Union Craft Brewing,"1700 W 41st St #420, Baltimore, MD 21211"
Colorado Rockies,,Coors Field,Upslope Brewing,"1898 S Flatiron Ct, Boulder, CO 80301"
St. Louis Cardinals,Urban Chestnut Hopfe,Busch Stadium,Urban Chestnut Brewing Company,"3229 Washington Ave, St. Louis, MO 63103"
Miami Marlins,,Marlins Park,Veza Sur Brewing,"55 NW 25th St, Miami, FL 33127"
Pittsburgh Pirates,Victory Hop Devil Ale,PNC Park,Victory Brewing Company,"420 Acorn Ln, Downingtown, PA 19335"
Philadelphia Phillies,Victory Brewing Company Hop Devil Ale,Citizens Bank Park,Victory Brewing Company,"420 Acorn Ln, Downingtown, PA 19335"
Seattle Mariners,Victory Prima Pils,T-Mobile Park,Victory Brewing Company,"420 Acorn Ln, Downingtown, PA 19335"
Boston Red Sox,,Fenway Park,Wachusett Brewing Company,"175 State Rd E, Westminster, MA 01473"
Minnesota Twins,,Target Field,Waconia Brewing Company,"255 W Main St, Waconia, MN 55387"
Cincinnati Reds,Warped Wing Ermal's Belgian Style Cream Ale,Great American Ball Park,Warped Wing Brewing Company,"26 Wyandot St, Dayton, OH 45402"
Milwaukee Brewers,,Miller Park,Wisconsin Brewing Company,"1079 American Way, Verona, WI 53593"
Philadelphia Phillies,,Citizens Bank Park,Yards Brewing Company,"500 Spring Garden St, Philadelphia, PA 19123"
Miami Marlins,,Marlins Park,"D.G. Yuengling & Son, Inc.","420 Mahantongo St, Pottsville, PA 17901"
Pittsburgh Pirates,,PNC Park,"D.G. Yuengling & Son, Inc.","420 Mahantongo St, Pottsville, PA 17901"
Atlanta Braves,Yuengling,SunTrust Park,"D.G. Yuengling & Son, Inc.","420 Mahantongo St, Pottsville, PA 17901"
Atlanta Braves,Yuengling Light,SunTrust Park,"D.G. Yuengling & Son, Inc.","420 Mahantongo St, Pottsville, PA 17901"
Cincinnati Reds,Yuengling Traditional Lager,Great American Ball Park,"D.G. Yuengling & Son, Inc.","420 Mahantongo St, Pottsville, PA 17901"
